Threads,Time
1,12.0439,
2,7.22987,
3,8.59986,
4,8.18611,
5,8.03177,
6,8.0625,
7,8.54967,
8,9.81354,
9,8.52982,
10,11.9619,
11,12.3619,
