Threads,Time
1,10.1778,
2,6.33775,
3,6.30583,
4,5.94785,
5,5.60237,
6,6.20694,
7,5.82278,
8,28.7924,
9,9.11179,
10,9.81095,
11,11.2778,
