Threads,Time
1,10.5851
2,7.47719
3,5.51071
4,4.70511
5,4.28205
6,4.60954
7,5.5191
8,7.13521
9,8.88715
10,6.55615
11,8.65341
